<datapower-configuration version="3"><export-details><description>Exported Configuration</description><user>admin</user><domain>test</domain><comment>Test David</comment><product-id>5725</product-id><product>IDG</product><display-product>IDG</display-product><model>IBM DataPower Gateway</model><display-model>IBM DataPower Gateway</display-model><device-name>dp1.interware.com.mx</device-name><serial-number>0000000</serial-number><firmware-version>IDG.7.6.0.4</firmware-version><display-firmware-version>IDG.7.6.0.4</display-firmware-version><firmware-build>294196</firmware-build><firmware-timestamp>2017/12/02 10:42:23</firmware-timestamp><current-date>2018-09-25</current-date><current-time>00:11:24 MSD</current-time><reset-date>2018-07-31</reset-date><reset-time>23:06:17 MSD</reset-time><login-message/><custom-ui-file/></export-details><interface-data><interface name="eth0" type="Ethernet" vers="ipv4" ip-addr="10.3.3.120"/><interface name="eth0-vip" type="Ethernet" vers="ipv4" ip-addr="10.3.3.121"/></interface-data><configuration domain="test"><DomainSettings name="default" intrinsic="true" xmlns:env="http://www.w3.org/2003/05/soap-envelope" xmlns:dp="http://www.datapower.com/schemas/management">
<mAdminState>enabled</mAdminState>
<PasswordTreatment>none</PasswordTreatment></DomainSettings><LogLabel name="aaa" intrinsic="true" read-only="true" xmlns:env="http://www.w3.org/2003/05/soap-envelope" xmlns:dp="http://www.datapower.com/schemas/management">
<mAdminState read-only="true">enabled</mAdminState>
<UserSummary read-only="true">AAA Policy</UserSummary>
<Type read-only="true">pre-defined</Type></LogLabel><LogLabel name="all" intrinsic="true" read-only="true" xmlns:env="http://www.w3.org/2003/05/soap-envelope" xmlns:dp="http://www.datapower.com/schemas/management">
<mAdminState read-only="true">enabled</mAdminState>
<UserSummary read-only="true">All Categories</UserSummary>
<Type read-only="true">pre-defined</Type></LogLabel><LogLabel name="apiconnect" intrinsic="true" read-only="true" xmlns:env="http://www.w3.org/2003/05/soap-envelope" xmlns:dp="http://www.datapower.com/schemas/management">
<mAdminState read-only="true">enabled</mAdminState>
<UserSummary read-only="true">API Connect</UserSummary>
<Type read-only="true">pre-defined</Type></LogLabel><LogLabel name="audit" intrinsic="true" read-only="true" xmlns:env="http://www.w3.org/2003/05/soap-envelope" xmlns:dp="http://www.datapower.com/schemas/management">
<mAdminState read-only="true">enabled</mAdminState>
<UserSummary read-only="true">Audit Trace</UserSummary>
<Type read-only="true">pre-defined</Type></LogLabel><LogLabel name="auth" intrinsic="true" read-only="true" xmlns:env="http://www.w3.org/2003/05/soap-envelope" xmlns:dp="http://www.datapower.com/schemas/management">
<mAdminState read-only="true">enabled</mAdminState>
<UserSummary read-only="true">Authentication</UserSummary>
<Type read-only="true">pre-defined</Type></LogLabel><LogLabel name="b2bgw" intrinsic="true" read-only="true" xmlns:env="http://www.w3.org/2003/05/soap-envelope" xmlns:dp="http://www.datapower.com/schemas/management">
<mAdminState read-only="true">enabled</mAdminState>
<UserSummary read-only="true">B2B Gateway</UserSummary>
<Type read-only="true">pre-defined</Type></LogLabel><LogLabel name="b2bp" intrinsic="true" read-only="true" xmlns:env="http://www.w3.org/2003/05/soap-envelope" xmlns:dp="http://www.datapower.com/schemas/management">
<mAdminState read-only="true">enabled</mAdminState>
<UserSummary read-only="true">B2B Message Persistence</UserSummary>
<Type read-only="true">pre-defined</Type></LogLabel><LogLabel name="cert-monitor" intrinsic="true" read-only="true" xmlns:env="http://www.w3.org/2003/05/soap-envelope" xmlns:dp="http://www.datapower.com/schemas/management">
<mAdminState read-only="true">enabled</mAdminState>
<UserSummary read-only="true">Crypto Certificate Monitor</UserSummary>
<Type read-only="true">pre-defined</Type></LogLabel><LogLabel name="cli" intrinsic="true" read-only="true" xmlns:env="http://www.w3.org/2003/05/soap-envelope" xmlns:dp="http://www.datapower.com/schemas/management">
<mAdminState read-only="true">enabled</mAdminState>
<UserSummary read-only="true">CLI Trace</UserSummary>
<Type read-only="true">pre-defined</Type></LogLabel><LogLabel name="cloud-connector" intrinsic="true" read-only="true" xmlns:env="http://www.w3.org/2003/05/soap-envelope" xmlns:dp="http://www.datapower.com/schemas/management">
<mAdminState read-only="true">enabled</mAdminState>
<UserSummary read-only="true">Cloud Connector Processing</UserSummary>
<Type read-only="true">pre-defined</Type></LogLabel><LogLabel name="cloud-gateway" intrinsic="true" read-only="true" xmlns:env="http://www.w3.org/2003/05/soap-envelope" xmlns:dp="http://www.datapower.com/schemas/management">
<mAdminState read-only="true">enabled</mAdminState>
<UserSummary read-only="true">Cloud Gateway Processing</UserSummary>
<Type read-only="true">pre-defined</Type></LogLabel><LogLabel name="cluster-service" intrinsic="true" read-only="true" xmlns:env="http://www.w3.org/2003/05/soap-envelope" xmlns:dp="http://www.datapower.com/schemas/management">
<mAdminState read-only="true">enabled</mAdminState>
<UserSummary read-only="true">Cluster Service</UserSummary>
<Type read-only="true">pre-defined</Type></LogLabel><LogLabel name="cms" intrinsic="true" read-only="true" xmlns:env="http://www.w3.org/2003/05/soap-envelope" xmlns:dp="http://www.datapower.com/schemas/management">
<mAdminState read-only="true">enabled</mAdminState>
<UserSummary read-only="true">B2B Crypto Message Syntax</UserSummary>
<Type read-only="true">pre-defined</Type></LogLabel><LogLabel name="crypto" intrinsic="true" read-only="true" xmlns:env="http://www.w3.org/2003/05/soap-envelope" xmlns:dp="http://www.datapower.com/schemas/management">
<mAdminState read-only="true">enabled</mAdminState>
<UserSummary read-only="true">Crypto Subsystem</UserSummary>
<Type read-only="true">pre-defined</Type></LogLabel><LogLabel name="dfdl" intrinsic="true" read-only="true" xmlns:env="http://www.w3.org/2003/05/soap-envelope" xmlns:dp="http://www.datapower.com/schemas/management">
<mAdminState read-only="true">enabled</mAdminState>
<UserSummary read-only="true">DFDL</UserSummary>
<Type read-only="true">pre-defined</Type></LogLabel><LogLabel name="evtlog" intrinsic="true" read-only="true" xmlns:env="http://www.w3.org/2003/05/soap-envelope" xmlns:dp="http://www.datapower.com/schemas/management">
<mAdminState read-only="true">enabled</mAdminState>
<UserSummary read-only="true">Event Subsystem</UserSummary>
<Type read-only="true">pre-defined</Type></LogLabel><LogLabel name="extlatency" intrinsic="true" read-only="true" xmlns:env="http://www.w3.org/2003/05/soap-envelope" xmlns:dp="http://www.datapower.com/schemas/management">
<mAdminState read-only="true">enabled</mAdminState>
<UserSummary read-only="true">Enhanced Transactional Latency</UserSummary>
<Type read-only="true">pre-defined</Type></LogLabel><LogLabel name="fibre-channel" intrinsic="true" read-only="true" xmlns:env="http://www.w3.org/2003/05/soap-envelope" xmlns:dp="http://www.datapower.com/schemas/management">
<mAdminState read-only="true">enabled</mAdminState>
<UserSummary read-only="true">Fibre Channel</UserSummary>
<Type read-only="true">pre-defined</Type></LogLabel><LogLabel name="file" intrinsic="true" read-only="true" xmlns:env="http://www.w3.org/2003/05/soap-envelope" xmlns:dp="http://www.datapower.com/schemas/management">
<mAdminState read-only="true">enabled</mAdminState>
<UserSummary read-only="true">File Management</UserSummary>
<Type read-only="true">pre-defined</Type></LogLabel><LogLabel name="file-capture" intrinsic="true" read-only="true" xmlns:env="http://www.w3.org/2003/05/soap-envelope" xmlns:dp="http://www.datapower.com/schemas/management">
<mAdminState read-only="true">enabled</mAdminState>
<UserSummary read-only="true">XML File Capture</UserSummary>
<Type read-only="true">pre-defined</Type></LogLabel><LogLabel name="file-poller" intrinsic="true" read-only="true" xmlns:env="http://www.w3.org/2003/05/soap-envelope" xmlns:dp="http://www.datapower.com/schemas/management">
<mAdminState read-only="true">enabled</mAdminState>
<UserSummary read-only="true">File Poller</UserSummary>
<Type read-only="true">pre-defined</Type></LogLabel><LogLabel name="ftp" intrinsic="true" read-only="true" xmlns:env="http://www.w3.org/2003/05/soap-envelope" xmlns:dp="http://www.datapower.com/schemas/management">
<mAdminState read-only="true">enabled</mAdminState>
<UserSummary read-only="true">FTP Message Exchange</UserSummary>
<Type read-only="true">pre-defined</Type></LogLabel><LogLabel name="gatewayscript" intrinsic="true" read-only="true" xmlns:env="http://www.w3.org/2003/05/soap-envelope" xmlns:dp="http://www.datapower.com/schemas/management">
<mAdminState read-only="true">enabled</mAdminState>
<UserSummary read-only="true">GatewayScript Processing</UserSummary>
<Type read-only="true">pre-defined</Type></LogLabel><LogLabel name="gatewayscript-user" intrinsic="true" read-only="true" xmlns:env="http://www.w3.org/2003/05/soap-envelope" xmlns:dp="http://www.datapower.com/schemas/management">
<mAdminState read-only="true">enabled</mAdminState>
<UserSummary read-only="true">GatewayScript User Processing</UserSummary>
<Type read-only="true">pre-defined</Type></LogLabel><LogLabel name="http" intrinsic="true" read-only="true" xmlns:env="http://www.w3.org/2003/05/soap-envelope" xmlns:dp="http://www.datapower.com/schemas/management">
<mAdminState read-only="true">enabled</mAdminState>
<UserSummary read-only="true">HTTP Proxy</UserSummary>
<Type read-only="true">pre-defined</Type></LogLabel><LogLabel name="http-convert" intrinsic="true" read-only="true" xmlns:env="http://www.w3.org/2003/05/soap-envelope" xmlns:dp="http://www.datapower.com/schemas/management">
<mAdminState read-only="true">enabled</mAdminState>
<UserSummary read-only="true">HTTP to XML Converter</UserSummary>
<Type read-only="true">pre-defined</Type></LogLabel><LogLabel name="ip-multicast" intrinsic="true" read-only="true" xmlns:env="http://www.w3.org/2003/05/soap-envelope" xmlns:dp="http://www.datapower.com/schemas/management">
<mAdminState read-only="true">enabled</mAdminState>
<UserSummary read-only="true">IP Multicast</UserSummary>
<Type read-only="true">pre-defined</Type></LogLabel><LogLabel name="ipmi" intrinsic="true" read-only="true" xmlns:env="http://www.w3.org/2003/05/soap-envelope" xmlns:dp="http://www.datapower.com/schemas/management">
<mAdminState read-only="true">enabled</mAdminState>
<UserSummary read-only="true">Intelligent Platform Management Interface</UserSummary>
<Type read-only="true">pre-defined</Type></LogLabel><LogLabel name="isamproxy" intrinsic="true" read-only="true" xmlns:env="http://www.w3.org/2003/05/soap-envelope" xmlns:dp="http://www.datapower.com/schemas/management">
<mAdminState read-only="true">enabled</mAdminState>
<UserSummary read-only="true">ISAM Proxy</UserSummary>
<Type read-only="true">pre-defined</Type></LogLabel><LogLabel name="iscsi" intrinsic="true" read-only="true" xmlns:env="http://www.w3.org/2003/05/soap-envelope" xmlns:dp="http://www.datapower.com/schemas/management">
<mAdminState read-only="true">enabled</mAdminState>
<UserSummary read-only="true">iSCSI</UserSummary>
<Type read-only="true">pre-defined</Type></LogLabel><LogLabel name="kerberos" intrinsic="true" read-only="true" xmlns:env="http://www.w3.org/2003/05/soap-envelope" xmlns:dp="http://www.datapower.com/schemas/management">
<mAdminState read-only="true">enabled</mAdminState>
<UserSummary read-only="true">Kerberos Access</UserSummary>
<Type read-only="true">pre-defined</Type></LogLabel><LogLabel name="latency" intrinsic="true" read-only="true" xmlns:env="http://www.w3.org/2003/05/soap-envelope" xmlns:dp="http://www.datapower.com/schemas/management">
<mAdminState read-only="true">enabled</mAdminState>
<UserSummary read-only="true">Transactional Latency</UserSummary>
<Type read-only="true">pre-defined</Type></LogLabel><LogLabel name="ldap" intrinsic="true" read-only="true" xmlns:env="http://www.w3.org/2003/05/soap-envelope" xmlns:dp="http://www.datapower.com/schemas/management">
<mAdminState read-only="true">enabled</mAdminState>
<UserSummary read-only="true">LDAP Server Query</UserSummary>
<Type read-only="true">pre-defined</Type></LogLabel><LogLabel name="llm" intrinsic="true" read-only="true" xmlns:env="http://www.w3.org/2003/05/soap-envelope" xmlns:dp="http://www.datapower.com/schemas/management">
<mAdminState read-only="true">enabled</mAdminState>
<UserSummary read-only="true">Low Latency Messaging</UserSummary>
<Type read-only="true">pre-defined</Type></LogLabel><LogLabel name="ltpa" intrinsic="true" read-only="true" xmlns:env="http://www.w3.org/2003/05/soap-envelope" xmlns:dp="http://www.datapower.com/schemas/management">
<mAdminState read-only="true">enabled</mAdminState>
<UserSummary read-only="true">LTPA Token Access</UserSummary>
<Type read-only="true">pre-defined</Type></LogLabel><LogLabel name="memory-report" intrinsic="true" read-only="true" xmlns:env="http://www.w3.org/2003/05/soap-envelope" xmlns:dp="http://www.datapower.com/schemas/management">
<mAdminState read-only="true">enabled</mAdminState>
<UserSummary read-only="true">Memory Report</UserSummary>
<Type read-only="true">pre-defined</Type></LogLabel><LogLabel name="mgmt" intrinsic="true" read-only="true" xmlns:env="http://www.w3.org/2003/05/soap-envelope" xmlns:dp="http://www.datapower.com/schemas/management">
<mAdminState read-only="true">enabled</mAdminState>
<UserSummary read-only="true">Configuration Management</UserSummary>
<Type read-only="true">pre-defined</Type></LogLabel><LogLabel name="mime" intrinsic="true" read-only="true" xmlns:env="http://www.w3.org/2003/05/soap-envelope" xmlns:dp="http://www.datapower.com/schemas/management">
<mAdminState read-only="true">enabled</mAdminState>
<UserSummary read-only="true">MIME Message Processing</UserSummary>
<Type read-only="true">pre-defined</Type></LogLabel><LogLabel name="monitor" intrinsic="true" read-only="true" xmlns:env="http://www.w3.org/2003/05/soap-envelope" xmlns:dp="http://www.datapower.com/schemas/management">
<mAdminState read-only="true">enabled</mAdminState>
<UserSummary read-only="true">Message Monitoring</UserSummary>
<Type read-only="true">pre-defined</Type></LogLabel><LogLabel name="mpgw" intrinsic="true" read-only="true" xmlns:env="http://www.w3.org/2003/05/soap-envelope" xmlns:dp="http://www.datapower.com/schemas/management">
<mAdminState read-only="true">enabled</mAdminState>
<UserSummary read-only="true">Multi-Protocol Gateway</UserSummary>
<Type read-only="true">pre-defined</Type></LogLabel><LogLabel name="mq" intrinsic="true" read-only="true" xmlns:env="http://www.w3.org/2003/05/soap-envelope" xmlns:dp="http://www.datapower.com/schemas/management">
<mAdminState read-only="true">enabled</mAdminState>
<UserSummary read-only="true">WebSphere MQ</UserSummary>
<Type read-only="true">pre-defined</Type></LogLabel><LogLabel name="multistep" intrinsic="true" read-only="true" xmlns:env="http://www.w3.org/2003/05/soap-envelope" xmlns:dp="http://www.datapower.com/schemas/management">
<mAdminState read-only="true">enabled</mAdminState>
<UserSummary read-only="true">Multistep Transformations</UserSummary>
<Type read-only="true">pre-defined</Type></LogLabel><LogLabel name="netegrity" intrinsic="true" read-only="true" xmlns:env="http://www.w3.org/2003/05/soap-envelope" xmlns:dp="http://www.datapower.com/schemas/management">
<mAdminState read-only="true">enabled</mAdminState>
<UserSummary read-only="true">Netegrity SiteMinder</UserSummary>
<Type read-only="true">pre-defined</Type></LogLabel><LogLabel name="network" intrinsic="true" read-only="true" xmlns:env="http://www.w3.org/2003/05/soap-envelope" xmlns:dp="http://www.datapower.com/schemas/management">
<mAdminState read-only="true">enabled</mAdminState>
<UserSummary read-only="true">Network Subsystem</UserSummary>
<Type read-only="true">pre-defined</Type></LogLabel><LogLabel name="network-file" intrinsic="true" read-only="true" xmlns:env="http://www.w3.org/2003/05/soap-envelope" xmlns:dp="http://www.datapower.com/schemas/management">
<mAdminState read-only="true">enabled</mAdminState>
<UserSummary read-only="true">Network File Access</UserSummary>
<Type read-only="true">pre-defined</Type></LogLabel><LogLabel name="networkhsm-luna" intrinsic="true" read-only="true" xmlns:env="http://www.w3.org/2003/05/soap-envelope" xmlns:dp="http://www.datapower.com/schemas/management">
<mAdminState read-only="true">enabled</mAdminState>
<UserSummary read-only="true">Network HSM - Luna</UserSummary>
<Type read-only="true">pre-defined</Type></LogLabel><LogLabel name="oauth" intrinsic="true" read-only="true" xmlns:env="http://www.w3.org/2003/05/soap-envelope" xmlns:dp="http://www.datapower.com/schemas/management">
<mAdminState read-only="true">enabled</mAdminState>
<UserSummary read-only="true">OAuth Processing</UserSummary>
<Type read-only="true">pre-defined</Type></LogLabel><LogLabel name="ocsp" intrinsic="true" read-only="true" xmlns:env="http://www.w3.org/2003/05/soap-envelope" xmlns:dp="http://www.datapower.com/schemas/management">
<mAdminState read-only="true">enabled</mAdminState>
<UserSummary read-only="true">OCSP Subsystem</UserSummary>
<Type read-only="true">pre-defined</Type></LogLabel><LogLabel name="odr" intrinsic="true" read-only="true" xmlns:env="http://www.w3.org/2003/05/soap-envelope" xmlns:dp="http://www.datapower.com/schemas/management">
<mAdminState read-only="true">enabled</mAdminState>
<UserSummary read-only="true">On Demand Router</UserSummary>
<Type read-only="true">pre-defined</Type></LogLabel><LogLabel name="odr-connector-group" intrinsic="true" read-only="true" xmlns:env="http://www.w3.org/2003/05/soap-envelope" xmlns:dp="http://www.datapower.com/schemas/management">
<mAdminState read-only="true">enabled</mAdminState>
<UserSummary read-only="true">On Demand Router Connector Group</UserSummary>
<Type read-only="true">pre-defined</Type></LogLabel><LogLabel name="odrlib" intrinsic="true" read-only="true" xmlns:env="http://www.w3.org/2003/05/soap-envelope" xmlns:dp="http://www.datapower.com/schemas/management">
<mAdminState read-only="true">enabled</mAdminState>
<UserSummary read-only="true">On Demand Router Library</UserSummary>
<Type read-only="true">pre-defined</Type></LogLabel><LogLabel name="parse" intrinsic="true" read-only="true" xmlns:env="http://www.w3.org/2003/05/soap-envelope" xmlns:dp="http://www.datapower.com/schemas/management">
<mAdminState read-only="true">enabled</mAdminState>
<UserSummary read-only="true">Parsing</UserSummary>
<Type read-only="true">pre-defined</Type></LogLabel><LogLabel name="peer-group" intrinsic="true" read-only="true" xmlns:env="http://www.w3.org/2003/05/soap-envelope" xmlns:dp="http://www.datapower.com/schemas/management">
<mAdminState read-only="true">enabled</mAdminState>
<UserSummary read-only="true">Peer Group</UserSummary>
<Type read-only="true">pre-defined</Type></LogLabel><LogLabel name="product-insights" intrinsic="true" read-only="true" xmlns:env="http://www.w3.org/2003/05/soap-envelope" xmlns:dp="http://www.datapower.com/schemas/management">
<mAdminState read-only="true">enabled</mAdminState>
<UserSummary read-only="true">Product Insights</UserSummary>
<Type read-only="true">pre-defined</Type></LogLabel><LogLabel name="quiesce" intrinsic="true" read-only="true" xmlns:env="http://www.w3.org/2003/05/soap-envelope" xmlns:dp="http://www.datapower.com/schemas/management">
<mAdminState read-only="true">enabled</mAdminState>
<UserSummary read-only="true">Quiesce</UserSummary>
<Type read-only="true">pre-defined</Type></LogLabel><LogLabel name="quota-enforcement" intrinsic="true" read-only="true" xmlns:env="http://www.w3.org/2003/05/soap-envelope" xmlns:dp="http://www.datapower.com/schemas/management">
<mAdminState read-only="true">enabled</mAdminState>
<UserSummary read-only="true">Quota Enforcement Server</UserSummary>
<Type read-only="true">pre-defined</Type></LogLabel><LogLabel name="rbm" intrinsic="true" read-only="true" xmlns:env="http://www.w3.org/2003/05/soap-envelope" xmlns:dp="http://www.datapower.com/schemas/management">
<mAdminState read-only="true">enabled</mAdminState>
<UserSummary read-only="true">Role-based Management</UserSummary>
<Type read-only="true">pre-defined</Type></LogLabel><LogLabel name="rpcsec-gss" intrinsic="true" read-only="true" xmlns:env="http://www.w3.org/2003/05/soap-envelope" xmlns:dp="http://www.datapower.com/schemas/management">
<mAdminState read-only="true">enabled</mAdminState>
<UserSummary read-only="true">RPC Security - Generic Security Service for NFS</UserSummary>
<Type read-only="true">pre-defined</Type></LogLabel><LogLabel name="schema" intrinsic="true" read-only="true" xmlns:env="http://www.w3.org/2003/05/soap-envelope" xmlns:dp="http://www.datapower.com/schemas/management">
<mAdminState read-only="true">enabled</mAdminState>
<UserSummary read-only="true">Schema Validation</UserSummary>
<Type read-only="true">pre-defined</Type></LogLabel><LogLabel name="secure-cloud-connector" intrinsic="true" read-only="true" xmlns:env="http://www.w3.org/2003/05/soap-envelope" xmlns:dp="http://www.datapower.com/schemas/management">
<mAdminState read-only="true">enabled</mAdminState>
<UserSummary read-only="true">Secure Cloud Connector</UserSummary>
<Type read-only="true">pre-defined</Type></LogLabel><LogLabel name="secure-conversation" intrinsic="true" read-only="true" xmlns:env="http://www.w3.org/2003/05/soap-envelope" xmlns:dp="http://www.datapower.com/schemas/management">
<mAdminState read-only="true">enabled</mAdminState>
<UserSummary read-only="true">WS-SecureConversation Security Context Management</UserSummary>
<Type read-only="true">pre-defined</Type></LogLabel><LogLabel name="self-balancing" intrinsic="true" read-only="true" xmlns:env="http://www.w3.org/2003/05/soap-envelope" xmlns:dp="http://www.datapower.com/schemas/management">
<mAdminState read-only="true">enabled</mAdminState>
<UserSummary read-only="true">Self-Balancing</UserSummary>
<Type read-only="true">pre-defined</Type></LogLabel><LogLabel name="sftp" intrinsic="true" read-only="true" xmlns:env="http://www.w3.org/2003/05/soap-envelope" xmlns:dp="http://www.datapower.com/schemas/management">
<mAdminState read-only="true">enabled</mAdminState>
<UserSummary read-only="true">SFTP Message Exchange</UserSummary>
<Type read-only="true">pre-defined</Type></LogLabel><LogLabel name="sgclient" intrinsic="true" read-only="true" xmlns:env="http://www.w3.org/2003/05/soap-envelope" xmlns:dp="http://www.datapower.com/schemas/management">
<mAdminState read-only="true">enabled</mAdminState>
<UserSummary read-only="true">Secure Gateway Client</UserSummary>
<Type read-only="true">pre-defined</Type></LogLabel><LogLabel name="slm" intrinsic="true" read-only="true" xmlns:env="http://www.w3.org/2003/05/soap-envelope" xmlns:dp="http://www.datapower.com/schemas/management">
<mAdminState read-only="true">enabled</mAdminState>
<UserSummary read-only="true">Service Level Monitoring</UserSummary>
<Type read-only="true">pre-defined</Type></LogLabel><LogLabel name="smtp" intrinsic="true" read-only="true" xmlns:env="http://www.w3.org/2003/05/soap-envelope" xmlns:dp="http://www.datapower.com/schemas/management">
<mAdminState read-only="true">enabled</mAdminState>
<UserSummary read-only="true">SMTP Message Exchange</UserSummary>
<Type read-only="true">pre-defined</Type></LogLabel><LogLabel name="sql" intrinsic="true" read-only="true" xmlns:env="http://www.w3.org/2003/05/soap-envelope" xmlns:dp="http://www.datapower.com/schemas/management">
<mAdminState read-only="true">enabled</mAdminState>
<UserSummary read-only="true">SQL Data Access</UserSummary>
<Type read-only="true">pre-defined</Type></LogLabel><LogLabel name="ssh" intrinsic="true" read-only="true" xmlns:env="http://www.w3.org/2003/05/soap-envelope" xmlns:dp="http://www.datapower.com/schemas/management">
<mAdminState read-only="true">enabled</mAdminState>
<UserSummary read-only="true">SSH Service</UserSummary>
<Type read-only="true">pre-defined</Type></LogLabel><LogLabel name="ssl" intrinsic="true" read-only="true" xmlns:env="http://www.w3.org/2003/05/soap-envelope" xmlns:dp="http://www.datapower.com/schemas/management">
<mAdminState read-only="true">enabled</mAdminState>
<UserSummary read-only="true">SSL Processing</UserSummary>
<Type read-only="true">pre-defined</Type></LogLabel><LogLabel name="system" intrinsic="true" read-only="true" xmlns:env="http://www.w3.org/2003/05/soap-envelope" xmlns:dp="http://www.datapower.com/schemas/management">
<mAdminState read-only="true">enabled</mAdminState>
<UserSummary read-only="true">System Events</UserSummary>
<Type read-only="true">pre-defined</Type></LogLabel><LogLabel name="tam" intrinsic="true" read-only="true" xmlns:env="http://www.w3.org/2003/05/soap-envelope" xmlns:dp="http://www.datapower.com/schemas/management">
<mAdminState read-only="true">enabled</mAdminState>
<UserSummary read-only="true">Tivoli Access Manager</UserSummary>
<Type read-only="true">pre-defined</Type></LogLabel><LogLabel name="tenant" intrinsic="true" read-only="true" xmlns:env="http://www.w3.org/2003/05/soap-envelope" xmlns:dp="http://www.datapower.com/schemas/management">
<mAdminState read-only="true">enabled</mAdminState>
<UserSummary read-only="true">Tenant Gateways</UserSummary>
<Type read-only="true">pre-defined</Type></LogLabel><LogLabel name="tfim" intrinsic="true" read-only="true" xmlns:env="http://www.w3.org/2003/05/soap-envelope" xmlns:dp="http://www.datapower.com/schemas/management">
<mAdminState read-only="true">enabled</mAdminState>
<UserSummary read-only="true">Tivoli Federated Identity Manager</UserSummary>
<Type read-only="true">pre-defined</Type></LogLabel><LogLabel name="tibco-ems" intrinsic="true" read-only="true" xmlns:env="http://www.w3.org/2003/05/soap-envelope" xmlns:dp="http://www.datapower.com/schemas/management">
<mAdminState read-only="true">enabled</mAdminState>
<UserSummary read-only="true">Tibco EMS</UserSummary>
<Type read-only="true">pre-defined</Type></LogLabel><LogLabel name="uddi" intrinsic="true" read-only="true" xmlns:env="http://www.w3.org/2003/05/soap-envelope" xmlns:dp="http://www.datapower.com/schemas/management">
<mAdminState read-only="true">enabled</mAdminState>
<UserSummary read-only="true">UDDI</UserSummary>
<Type read-only="true">pre-defined</Type></LogLabel><LogLabel name="uddisub" intrinsic="true" read-only="true" xmlns:env="http://www.w3.org/2003/05/soap-envelope" xmlns:dp="http://www.datapower.com/schemas/management">
<mAdminState read-only="true">enabled</mAdminState>
<UserSummary read-only="true">UDDI Subscription</UserSummary>
<Type read-only="true">pre-defined</Type></LogLabel><LogLabel name="user" intrinsic="true" read-only="true" xmlns:env="http://www.w3.org/2003/05/soap-envelope" xmlns:dp="http://www.datapower.com/schemas/management">
<mAdminState read-only="true">enabled</mAdminState>
<UserSummary read-only="true">User Management</UserSummary>
<Type read-only="true">pre-defined</Type></LogLabel><LogLabel name="useragent" intrinsic="true" read-only="true" xmlns:env="http://www.w3.org/2003/05/soap-envelope" xmlns:dp="http://www.datapower.com/schemas/management">
<mAdminState read-only="true">enabled</mAdminState>
<UserSummary read-only="true">User-Agent Subsystem</UserSummary>
<Type read-only="true">pre-defined</Type></LogLabel><LogLabel name="wasjms" intrinsic="true" read-only="true" xmlns:env="http://www.w3.org/2003/05/soap-envelope" xmlns:dp="http://www.datapower.com/schemas/management">
<mAdminState read-only="true">enabled</mAdminState>
<UserSummary read-only="true">WebSphere JMS</UserSummary>
<Type read-only="true">pre-defined</Type></LogLabel><LogLabel name="wcc" intrinsic="true" read-only="true" xmlns:env="http://www.w3.org/2003/05/soap-envelope" xmlns:dp="http://www.datapower.com/schemas/management">
<mAdminState read-only="true">enabled</mAdminState>
<UserSummary read-only="true">WebSphere Cell Configuration</UserSummary>
<Type read-only="true">pre-defined</Type></LogLabel><LogLabel name="web-token-service" intrinsic="true" read-only="true" xmlns:env="http://www.w3.org/2003/05/soap-envelope" xmlns:dp="http://www.datapower.com/schemas/management">
<mAdminState read-only="true">enabled</mAdminState>
<UserSummary read-only="true">Web Token Service</UserSummary>
<Type read-only="true">pre-defined</Type></LogLabel><LogLabel name="webapp-firewall" intrinsic="true" read-only="true" xmlns:env="http://www.w3.org/2003/05/soap-envelope" xmlns:dp="http://www.datapower.com/schemas/management">
<mAdminState read-only="true">enabled</mAdminState>
<UserSummary read-only="true">Web Application Firewall</UserSummary>
<Type read-only="true">pre-defined</Type></LogLabel><LogLabel name="ws-proxy" intrinsic="true" read-only="true" xmlns:env="http://www.w3.org/2003/05/soap-envelope" xmlns:dp="http://www.datapower.com/schemas/management">
<mAdminState read-only="true">enabled</mAdminState>
<UserSummary read-only="true">Web Service Proxy</UserSummary>
<Type read-only="true">pre-defined</Type></LogLabel><LogLabel name="wsm-agent" intrinsic="true" read-only="true" xmlns:env="http://www.w3.org/2003/05/soap-envelope" xmlns:dp="http://www.datapower.com/schemas/management">
<mAdminState read-only="true">enabled</mAdminState>
<UserSummary read-only="true">Web Service Management Agent</UserSummary>
<Type read-only="true">pre-defined</Type></LogLabel><LogLabel name="wsrr" intrinsic="true" read-only="true" xmlns:env="http://www.w3.org/2003/05/soap-envelope" xmlns:dp="http://www.datapower.com/schemas/management">
<mAdminState read-only="true">enabled</mAdminState>
<UserSummary read-only="true">WebSphere Service Registry and Repository</UserSummary>
<Type read-only="true">pre-defined</Type></LogLabel><LogLabel name="wtx" intrinsic="true" read-only="true" xmlns:env="http://www.w3.org/2003/05/soap-envelope" xmlns:dp="http://www.datapower.com/schemas/management">
<mAdminState read-only="true">enabled</mAdminState>
<UserSummary read-only="true">WTX</UserSummary>
<Type read-only="true">pre-defined</Type></LogLabel><LogLabel name="wxs-grid" intrinsic="true" read-only="true" xmlns:env="http://www.w3.org/2003/05/soap-envelope" xmlns:dp="http://www.datapower.com/schemas/management">
<mAdminState read-only="true">enabled</mAdminState>
<UserSummary read-only="true">WebSphere eXtreme Scale grid</UserSummary>
<Type read-only="true">pre-defined</Type></LogLabel><LogLabel name="xacml" intrinsic="true" read-only="true" xmlns:env="http://www.w3.org/2003/05/soap-envelope" xmlns:dp="http://www.datapower.com/schemas/management">
<mAdminState read-only="true">enabled</mAdminState>
<UserSummary read-only="true">XACML</UserSummary>
<Type read-only="true">pre-defined</Type></LogLabel><LogLabel name="xc10-grid" intrinsic="true" read-only="true" xmlns:env="http://www.w3.org/2003/05/soap-envelope" xmlns:dp="http://www.datapower.com/schemas/management">
<mAdminState read-only="true">enabled</mAdminState>
<UserSummary read-only="true">XC10-grid</UserSummary>
<Type read-only="true">pre-defined</Type></LogLabel><LogLabel name="xformng" intrinsic="true" read-only="true" xmlns:env="http://www.w3.org/2003/05/soap-envelope" xmlns:dp="http://www.datapower.com/schemas/management">
<mAdminState read-only="true">enabled</mAdminState>
<UserSummary read-only="true">XFormNG</UserSummary>
<Type read-only="true">pre-defined</Type></LogLabel><LogLabel name="xmlfilter" intrinsic="true" read-only="true" xmlns:env="http://www.w3.org/2003/05/soap-envelope" xmlns:dp="http://www.datapower.com/schemas/management">
<mAdminState read-only="true">enabled</mAdminState>
<UserSummary read-only="true">XML Message Filtering</UserSummary>
<Type read-only="true">pre-defined</Type></LogLabel><LogLabel name="xmlfirewall" intrinsic="true" read-only="true" xmlns:env="http://www.w3.org/2003/05/soap-envelope" xmlns:dp="http://www.datapower.com/schemas/management">
<mAdminState read-only="true">enabled</mAdminState>
<UserSummary read-only="true">XML-Firewall Service</UserSummary>
<Type read-only="true">pre-defined</Type></LogLabel><LogLabel name="xmlparse" intrinsic="true" read-only="true" xmlns:env="http://www.w3.org/2003/05/soap-envelope" xmlns:dp="http://www.datapower.com/schemas/management">
<mAdminState read-only="true">enabled</mAdminState>
<UserSummary read-only="true">General XML Parsing</UserSummary>
<Type read-only="true">pre-defined</Type></LogLabel><LogLabel name="xmlroute" intrinsic="true" read-only="true" xmlns:env="http://www.w3.org/2003/05/soap-envelope" xmlns:dp="http://www.datapower.com/schemas/management">
<mAdminState read-only="true">enabled</mAdminState>
<UserSummary read-only="true">XML Message Routing</UserSummary>
<Type read-only="true">pre-defined</Type></LogLabel><LogLabel name="xquery" intrinsic="true" read-only="true" xmlns:env="http://www.w3.org/2003/05/soap-envelope" xmlns:dp="http://www.datapower.com/schemas/management">
<mAdminState read-only="true">enabled</mAdminState>
<UserSummary read-only="true">XQuery</UserSummary>
<Type read-only="true">pre-defined</Type></LogLabel><LogLabel name="xslcoproc" intrinsic="true" read-only="true" xmlns:env="http://www.w3.org/2003/05/soap-envelope" xmlns:dp="http://www.datapower.com/schemas/management">
<mAdminState read-only="true">enabled</mAdminState>
<UserSummary read-only="true">XSL-Coprocessor Service</UserSummary>
<Type read-only="true">pre-defined</Type></LogLabel><LogLabel name="xslproxy" intrinsic="true" read-only="true" xmlns:env="http://www.w3.org/2003/05/soap-envelope" xmlns:dp="http://www.datapower.com/schemas/management">
<mAdminState read-only="true">enabled</mAdminState>
<UserSummary read-only="true">XSL-Proxy Service</UserSummary>
<Type read-only="true">pre-defined</Type></LogLabel><LogLabel name="xslt" intrinsic="true" read-only="true" xmlns:env="http://www.w3.org/2003/05/soap-envelope" xmlns:dp="http://www.datapower.com/schemas/management">
<mAdminState read-only="true">enabled</mAdminState>
<UserSummary read-only="true">XSLT Compilation</UserSummary>
<Type read-only="true">pre-defined</Type></LogLabel><LogLabel name="xsltmsg" intrinsic="true" read-only="true" xmlns:env="http://www.w3.org/2003/05/soap-envelope" xmlns:dp="http://www.datapower.com/schemas/management">
<mAdminState read-only="true">enabled</mAdminState>
<UserSummary read-only="true">XSLT User Message</UserSummary>
<Type read-only="true">pre-defined</Type></LogLabel><LogLabel name="zosnss" intrinsic="true" read-only="true" xmlns:env="http://www.w3.org/2003/05/soap-envelope" xmlns:dp="http://www.datapower.com/schemas/management">
<mAdminState read-only="true">enabled</mAdminState>
<UserSummary read-only="true">zOS-NSS</UserSummary>
<Type read-only="true">pre-defined</Type></LogLabel><LogTarget name="default-log" intrinsic="true" xmlns:env="http://www.w3.org/2003/05/soap-envelope" xmlns:dp="http://www.datapower.com/schemas/management">
<mAdminState read-only="true">enabled</mAdminState>
<UserSummary read-only="true">Default Domain Log</UserSummary>
<Type read-only="true">file</Type>
<Priority read-only="true">normal</Priority>
<SoapVersion read-only="true">soap11</SoapVersion>
<Format read-only="true">text</Format>
<TimestampFormat read-only="true">zulu</TimestampFormat>
<FixedFormat read-only="true">off</FixedFormat>
<Size read-only="true">500</Size>
<LocalFile read-only="true">logtemp:///default-log</LocalFile>
<ArchiveMode read-only="true">rotate</ArchiveMode>
<Rotate read-only="true">3</Rotate>
<UseANSIColor read-only="true">off</UseANSIColor>
<SyslogFacility read-only="true">user</SyslogFacility>
<RateLimit read-only="true">100</RateLimit>
<ConnectTimeout read-only="true">60</ConnectTimeout>
<IdleTimeout read-only="true">15</IdleTimeout>
<ActiveTimeout read-only="true">0</ActiveTimeout>
<FeedbackDetection read-only="true">off</FeedbackDetection>
<IdenticalEventSuppression read-only="true">off</IdenticalEventSuppression>
<IdenticalEventPeriod read-only="true">10</IdenticalEventPeriod>
<SSLClientConfigType read-only="true">proxy</SSLClientConfigType>
<RetryInterval read-only="true">1</RetryInterval>
<RetryAttempts read-only="true">1</RetryAttempts>
<LongRetryInterval read-only="true">20</LongRetryInterval>
<LogPrecision read-only="true">second</LogPrecision>
<LogEvents>
<Class class="LogLabel">all</Class>
<Priority>error</Priority></LogEvents>
<LogEvents>
<Class class="LogLabel">mgmt</Class>
<Priority>notice</Priority></LogEvents></LogTarget><HTTPUserAgent name="default" intrinsic="true" xmlns:env="http://www.w3.org/2003/05/soap-envelope" xmlns:dp="http://www.datapower.com/schemas/management">
<mAdminState>enabled</mAdminState>
<UserSummary>Default User Agent</UserSummary>
<MaxRedirects>8</MaxRedirects>
<Timeout>300</Timeout></HTTPUserAgent><URLMap name="default-attempt-stream-all" intrinsic="true" xmlns:env="http://www.w3.org/2003/05/soap-envelope" xmlns:dp="http://www.datapower.com/schemas/management">
<mAdminState>enabled</mAdminState>
<URLMapRule>
<Pattern>*</Pattern></URLMapRule></URLMap><CompileOptionsPolicy name="default-attempt-stream" intrinsic="true" xmlns:env="http://www.w3.org/2003/05/soap-envelope" xmlns:dp="http://www.datapower.com/schemas/management">
<mAdminState>enabled</mAdminState>
<XSLTVersion>XSLT10</XSLTVersion>
<Strict>off</Strict>
<TryStream class="URLMap">default-attempt-stream-all</TryStream>
<StackSize>524288</StackSize>
<WSIValidation>ignore</WSIValidation>
<WSDLValidateBody>strict</WSDLValidateBody>
<WSDLValidateHeaders>lax</WSDLValidateHeaders>
<WSDLValidateFaults>strict</WSDLValidateFaults>
<WSDLWrappedFaults>off</WSDLWrappedFaults>
<WSDLStrictSOAPVersion>off</WSDLStrictSOAPVersion>
<XACMLDebug>off</XACMLDebug></CompileOptionsPolicy><StylePolicyAction name="__default-accept-service-providers-filter-action__" intrinsic="true" read-only="true" xmlns:env="http://www.w3.org/2003/05/soap-envelope" xmlns:dp="http://www.datapower.com/schemas/management">
<mAdminState>enabled</mAdminState>
<Type>filter</Type>
<Input>NULL</Input>
<Transform>store:///filter-accept-service-providers.xsl</Transform>
<ParseSettingsReference>
<URL/>
<Literal/>
<Default/></ParseSettingsReference>
<ParseMetricsResultType>none</ParseMetricsResultType>
<TransformLanguage>none</TransformLanguage>
<ActionDebug persisted="false">off</ActionDebug>
<NamedInOutLocationType>default</NamedInOutLocationType>
<SSLClientConfigType>proxy</SSLClientConfigType>
<Transactional>off</Transactional>
<SOAPValidation>body</SOAPValidation>
<SQLSourceType>static</SQLSourceType>
<JWSVerifyStripSignature>on</JWSVerifyStripSignature>
<Asynchronous>off</Asynchronous>
<ResultsMode>first-available</ResultsMode>
<RetryCount>0</RetryCount>
<RetryInterval>1000</RetryInterval>
<MultipleOutputs>off</MultipleOutputs>
<IteratorType>XPATH</IteratorType>
<Timeout>0</Timeout>
<MethodRewriteType>GET</MethodRewriteType>
<MethodType>POST</MethodType>
<MethodType2>POST</MethodType2></StylePolicyAction><StylePolicyAction name="__default-accept-service-providers-results-action__" intrinsic="true" read-only="true" xmlns:env="http://www.w3.org/2003/05/soap-envelope" xmlns:dp="http://www.datapower.com/schemas/management">
<mAdminState>enabled</mAdminState>
<Type>results</Type>
<Input>INPUT</Input>
<ParseSettingsReference>
<URL/>
<Literal/>
<Default/></ParseSettingsReference>
<ParseMetricsResultType>none</ParseMetricsResultType>
<TransformLanguage>none</TransformLanguage>
<ActionDebug persisted="false">off</ActionDebug>
<NamedInOutLocationType>default</NamedInOutLocationType>
<SSLClientConfigType>proxy</SSLClientConfigType>
<Transactional>off</Transactional>
<SOAPValidation>body</SOAPValidation>
<SQLSourceType>static</SQLSourceType>
<JWSVerifyStripSignature>on</JWSVerifyStripSignature>
<Asynchronous>off</Asynchronous>
<ResultsMode>first-available</ResultsMode>
<RetryCount>0</RetryCount>
<RetryInterval>1000</RetryInterval>
<MultipleOutputs>off</MultipleOutputs>
<IteratorType>XPATH</IteratorType>
<Timeout>0</Timeout>
<MethodRewriteType>GET</MethodRewriteType>
<MethodType>POST</MethodType>
<MethodType2>POST</MethodType2></StylePolicyAction><StylePolicyAction name="__dp-policy-call-action__" intrinsic="true" read-only="true" xmlns:env="http://www.w3.org/2003/05/soap-envelope" xmlns:dp="http://www.datapower.com/schemas/management">
<mAdminState>enabled</mAdminState>
<UserSummary>Call the next policy.</UserSummary>
<Type>call</Type>
<Input>INPUT</Input>
<ParseSettingsReference>
<URL/>
<Literal/>
<Default/></ParseSettingsReference>
<ParseMetricsResultType>none</ParseMetricsResultType>
<TransformLanguage>none</TransformLanguage>
<ActionDebug persisted="false">off</ActionDebug>
<Output>INPUT</Output>
<NamedInOutLocationType>default</NamedInOutLocationType>
<SSLClientConfigType>proxy</SSLClientConfigType>
<Rule>var://context/policy/fw/call-rule</Rule>
<Transactional>off</Transactional>
<SOAPValidation>body</SOAPValidation>
<SQLSourceType>static</SQLSourceType>
<JWSVerifyStripSignature>on</JWSVerifyStripSignature>
<Asynchronous>off</Asynchronous>
<ResultsMode>first-available</ResultsMode>
<RetryCount>0</RetryCount>
<RetryInterval>1000</RetryInterval>
<MultipleOutputs>off</MultipleOutputs>
<IteratorType>XPATH</IteratorType>
<Timeout>0</Timeout>
<MethodRewriteType>GET</MethodRewriteType>
<MethodType>POST</MethodType>
<MethodType2>POST</MethodType2></StylePolicyAction><StylePolicyAction name="__dp-policy-init-xform-action__" intrinsic="true" read-only="true" xmlns:env="http://www.w3.org/2003/05/soap-envelope" xmlns:dp="http://www.datapower.com/schemas/management">
<mAdminState>enabled</mAdminState>
<UserSummary>Set up context vars and annotate map XML.</UserSummary>
<Type>xform</Type>
<Input>NULL</Input>
<Transform>store://dp/policy-enforce-init.xsl</Transform>
<ParseSettingsReference>
<URL/>
<Literal/>
<Default/></ParseSettingsReference>
<ParseMetricsResultType>none</ParseMetricsResultType>
<TransformLanguage>none</TransformLanguage>
<ActionDebug persisted="false">off</ActionDebug>
<Output>NULL</Output>
<NamedInOutLocationType>default</NamedInOutLocationType>
<SSLClientConfigType>proxy</SSLClientConfigType>
<Transactional>off</Transactional>
<SOAPValidation>body</SOAPValidation>
<SQLSourceType>static</SQLSourceType>
<JWSVerifyStripSignature>on</JWSVerifyStripSignature>
<Asynchronous>off</Asynchronous>
<ResultsMode>first-available</ResultsMode>
<RetryCount>0</RetryCount>
<RetryInterval>1000</RetryInterval>
<MultipleOutputs>off</MultipleOutputs>
<IteratorType>XPATH</IteratorType>
<Timeout>0</Timeout>
<MethodRewriteType>GET</MethodRewriteType>
<MethodType>POST</MethodType>
<MethodType2>POST</MethodType2></StylePolicyAction><StylePolicyAction name="__dp-policy-results-action__" intrinsic="true" read-only="true" xmlns:env="http://www.w3.org/2003/05/soap-envelope" xmlns:dp="http://www.datapower.com/schemas/management">
<mAdminState>enabled</mAdminState>
<UserSummary>Results action for our policy enforcement rules.</UserSummary>
<Type>results</Type>
<Input>INPUT</Input>
<ParseSettingsReference>
<URL/>
<Literal/>
<Default/></ParseSettingsReference>
<ParseMetricsResultType>none</ParseMetricsResultType>
<TransformLanguage>none</TransformLanguage>
<ActionDebug persisted="false">off</ActionDebug>
<NamedInOutLocationType>default</NamedInOutLocationType>
<SSLClientConfigType>proxy</SSLClientConfigType>
<Transactional>off</Transactional>
<SOAPValidation>body</SOAPValidation>
<SQLSourceType>static</SQLSourceType>
<JWSVerifyStripSignature>on</JWSVerifyStripSignature>
<Asynchronous>off</Asynchronous>
<ResultsMode>first-available</ResultsMode>
<RetryCount>0</RetryCount>
<RetryInterval>1000</RetryInterval>
<MultipleOutputs>off</MultipleOutputs>
<IteratorType>XPATH</IteratorType>
<Timeout>0</Timeout>
<MethodRewriteType>GET</MethodRewriteType>
<MethodType>POST</MethodType>
<MethodType2>POST</MethodType2></StylePolicyAction><StylePolicyAction name="__dp-policy-traverse-xform-action__" intrinsic="true" read-only="true" xmlns:env="http://www.w3.org/2003/05/soap-envelope" xmlns:dp="http://www.datapower.com/schemas/management">
<mAdminState>enabled</mAdminState>
<UserSummary>Identify next policy by traversing the annotated map.</UserSummary>
<Type>xform</Type>
<Input>NULL</Input>
<Transform>store://dp/policy-enforce-traverse.xsl</Transform>
<ParseSettingsReference>
<URL/>
<Literal/>
<Default/></ParseSettingsReference>
<ParseMetricsResultType>none</ParseMetricsResultType>
<TransformLanguage>none</TransformLanguage>
<ActionDebug persisted="false">off</ActionDebug>
<Output>NULL</Output>
<NamedInOutLocationType>default</NamedInOutLocationType>
<SSLClientConfigType>proxy</SSLClientConfigType>
<Transactional>off</Transactional>
<SOAPValidation>body</SOAPValidation>
<SQLSourceType>static</SQLSourceType>
<JWSVerifyStripSignature>on</JWSVerifyStripSignature>
<Asynchronous>off</Asynchronous>
<ResultsMode>first-available</ResultsMode>
<RetryCount>0</RetryCount>
<RetryInterval>1000</RetryInterval>
<MultipleOutputs>off</MultipleOutputs>
<IteratorType>XPATH</IteratorType>
<Timeout>0</Timeout>
<MethodRewriteType>GET</MethodRewriteType>
<MethodType>POST</MethodType>
<MethodType2>POST</MethodType2></StylePolicyAction><StylePolicyAction name="ACCEPT_FILTER" intrinsic="true" read-only="true" xmlns:env="http://www.w3.org/2003/05/soap-envelope" xmlns:dp="http://www.datapower.com/schemas/management">
<mAdminState>enabled</mAdminState>
<UserSummary>Default Accept</UserSummary>
<Type>filter</Type>
<Input>NULL</Input>
<Transform>store:///filter-accept-all.xsl</Transform>
<ParseSettingsReference>
<URL/>
<Literal/>
<Default/></ParseSettingsReference>
<ParseMetricsResultType>none</ParseMetricsResultType>
<TransformLanguage>none</TransformLanguage>
<ActionDebug persisted="false">off</ActionDebug>
<NamedInOutLocationType>default</NamedInOutLocationType>
<SSLClientConfigType>proxy</SSLClientConfigType>
<Transactional>off</Transactional>
<SOAPValidation>body</SOAPValidation>
<SQLSourceType>static</SQLSourceType>
<JWSVerifyStripSignature>on</JWSVerifyStripSignature>
<Asynchronous>off</Asynchronous>
<ResultsMode>first-available</ResultsMode>
<RetryCount>0</RetryCount>
<RetryInterval>1000</RetryInterval>
<MultipleOutputs>off</MultipleOutputs>
<IteratorType>XPATH</IteratorType>
<Timeout>0</Timeout>
<MethodRewriteType>GET</MethodRewriteType>
<MethodType>POST</MethodType>
<MethodType2>POST</MethodType2></StylePolicyAction><StylePolicyAction name="REJECT_FILTER" intrinsic="true" read-only="true" xmlns:env="http://www.w3.org/2003/05/soap-envelope" xmlns:dp="http://www.datapower.com/schemas/management">
<mAdminState>enabled</mAdminState>
<UserSummary>Default Reject</UserSummary>
<Type>filter</Type>
<Input>NULL</Input>
<Transform>store:///filter-reject-all.xsl</Transform>
<ParseSettingsReference>
<URL/>
<Literal/>
<Default/></ParseSettingsReference>
<ParseMetricsResultType>none</ParseMetricsResultType>
<TransformLanguage>none</TransformLanguage>
<ActionDebug persisted="false">off</ActionDebug>
<NamedInOutLocationType>default</NamedInOutLocationType>
<SSLClientConfigType>proxy</SSLClientConfigType>
<Transactional>off</Transactional>
<SOAPValidation>body</SOAPValidation>
<SQLSourceType>static</SQLSourceType>
<JWSVerifyStripSignature>on</JWSVerifyStripSignature>
<Asynchronous>off</Asynchronous>
<ResultsMode>first-available</ResultsMode>
<RetryCount>0</RetryCount>
<RetryInterval>1000</RetryInterval>
<MultipleOutputs>off</MultipleOutputs>
<IteratorType>XPATH</IteratorType>
<Timeout>0</Timeout>
<MethodRewriteType>GET</MethodRewriteType>
<MethodType>POST</MethodType>
<MethodType2>POST</MethodType2></StylePolicyAction><StylePolicyRule name="__default-accept-service-providers-request__" intrinsic="true" read-only="true" xmlns:env="http://www.w3.org/2003/05/soap-envelope" xmlns:dp="http://www.datapower.com/schemas/management">
<mAdminState>enabled</mAdminState>
<UserSummary>Accept messages intended for known services, reject everything else.</UserSummary>
<Direction>request-rule</Direction>
<InputFormat>none</InputFormat>
<OutputFormat>none</OutputFormat>
<NonXMLProcessing>off</NonXMLProcessing>
<Unprocessed>off</Unprocessed>
<Actions class="StylePolicyAction">__default-accept-service-providers-filter-action__</Actions>
<Actions class="StylePolicyAction">__default-accept-service-providers-results-action__</Actions></StylePolicyRule><StylePolicyRule name="__default-accept-service-providers-response__" intrinsic="true" read-only="true" xmlns:env="http://www.w3.org/2003/05/soap-envelope" xmlns:dp="http://www.datapower.com/schemas/management">
<mAdminState>enabled</mAdminState>
<UserSummary>Accept responses received from known services.</UserSummary>
<Direction>response-rule</Direction>
<InputFormat>none</InputFormat>
<OutputFormat>none</OutputFormat>
<NonXMLProcessing>off</NonXMLProcessing>
<Unprocessed>off</Unprocessed>
<Actions class="StylePolicyAction">__default-accept-service-providers-results-action__</Actions></StylePolicyRule><StylePolicyRule name="__dp-policy-begin__" intrinsic="true" read-only="true" xmlns:env="http://www.w3.org/2003/05/soap-envelope" xmlns:dp="http://www.datapower.com/schemas/management">
<mAdminState>enabled</mAdminState>
<UserSummary>Initiate policy enforcement by annotating policy and determining first policy to enforce.</UserSummary>
<Direction>rule</Direction>
<InputFormat>none</InputFormat>
<OutputFormat>none</OutputFormat>
<NonXMLProcessing>off</NonXMLProcessing>
<Unprocessed>off</Unprocessed>
<Actions class="StylePolicyAction">__dp-policy-init-xform-action__</Actions>
<Actions class="StylePolicyAction">__dp-policy-traverse-xform-action__</Actions>
<Actions class="StylePolicyAction">__dp-policy-call-action__</Actions>
<Actions class="StylePolicyAction">__dp-policy-results-action__</Actions></StylePolicyRule><StylePolicyRule name="ACCEPT" intrinsic="true" read-only="true" xmlns:env="http://www.w3.org/2003/05/soap-envelope" xmlns:dp="http://www.datapower.com/schemas/management">
<mAdminState>enabled</mAdminState>
<UserSummary>Default Accept Rule</UserSummary>
<Direction>rule</Direction>
<InputFormat>none</InputFormat>
<OutputFormat>none</OutputFormat>
<NonXMLProcessing>off</NonXMLProcessing>
<Unprocessed>off</Unprocessed>
<Actions class="StylePolicyAction">ACCEPT_FILTER</Actions></StylePolicyRule><StylePolicyRule name="ACCEPT-REQUEST" intrinsic="true" read-only="true" xmlns:env="http://www.w3.org/2003/05/soap-envelope" xmlns:dp="http://www.datapower.com/schemas/management">
<mAdminState>enabled</mAdminState>
<UserSummary>Default Accept Request Rule</UserSummary>
<Direction>request-rule</Direction>
<InputFormat>none</InputFormat>
<OutputFormat>none</OutputFormat>
<NonXMLProcessing>off</NonXMLProcessing>
<Unprocessed>off</Unprocessed>
<Actions class="StylePolicyAction">ACCEPT_FILTER</Actions></StylePolicyRule><StylePolicyRule name="ACCEPT-RESPONSE" intrinsic="true" read-only="true" xmlns:env="http://www.w3.org/2003/05/soap-envelope" xmlns:dp="http://www.datapower.com/schemas/management">
<mAdminState>enabled</mAdminState>
<UserSummary>Default Accept Response Rule</UserSummary>
<Direction>response-rule</Direction>
<InputFormat>none</InputFormat>
<OutputFormat>none</OutputFormat>
<NonXMLProcessing>off</NonXMLProcessing>
<Unprocessed>off</Unprocessed>
<Actions class="StylePolicyAction">ACCEPT_FILTER</Actions></StylePolicyRule><StylePolicyRule name="REJECT" intrinsic="true" read-only="true" xmlns:env="http://www.w3.org/2003/05/soap-envelope" xmlns:dp="http://www.datapower.com/schemas/management">
<mAdminState>enabled</mAdminState>
<UserSummary>Default Reject Rule</UserSummary>
<Direction>rule</Direction>
<InputFormat>none</InputFormat>
<OutputFormat>none</OutputFormat>
<NonXMLProcessing>off</NonXMLProcessing>
<Unprocessed>off</Unprocessed>
<Actions class="StylePolicyAction">REJECT_FILTER</Actions></StylePolicyRule><StylePolicyRule name="REJECT-REQUEST" intrinsic="true" read-only="true" xmlns:env="http://www.w3.org/2003/05/soap-envelope" xmlns:dp="http://www.datapower.com/schemas/management">
<mAdminState>enabled</mAdminState>
<UserSummary>Default Reject Request Rule</UserSummary>
<Direction>request-rule</Direction>
<InputFormat>none</InputFormat>
<OutputFormat>none</OutputFormat>
<NonXMLProcessing>off</NonXMLProcessing>
<Unprocessed>off</Unprocessed>
<Actions class="StylePolicyAction">REJECT_FILTER</Actions></StylePolicyRule><StylePolicyRule name="REJECT-RESPONSE" intrinsic="true" read-only="true" xmlns:env="http://www.w3.org/2003/05/soap-envelope" xmlns:dp="http://www.datapower.com/schemas/management">
<mAdminState>enabled</mAdminState>
<UserSummary>Default Reject Response Rule</UserSummary>
<Direction>response-rule</Direction>
<InputFormat>none</InputFormat>
<OutputFormat>none</OutputFormat>
<NonXMLProcessing>off</NonXMLProcessing>
<Unprocessed>off</Unprocessed>
<Actions class="StylePolicyAction">REJECT_FILTER</Actions></StylePolicyRule><Matching name="__default-accept-service-providers__" intrinsic="true" read-only="true" xmlns:env="http://www.w3.org/2003/05/soap-envelope" xmlns:dp="http://www.datapower.com/schemas/management">
<mAdminState>enabled</mAdminState>
<UserSummary>Match all messages.</UserSummary>
<MatchRules>
<Type>url</Type>
<HttpTag/>
<HttpValue/>
<Url>*</Url>
<ErrorCode/>
<XPATHExpression/>
<Method>default</Method>
<CustomMethod/></MatchRules>
<MatchWithPCRE>off</MatchWithPCRE>
<CombineWithOr>off</CombineWithOr></Matching><Matching name="ALL" intrinsic="true" read-only="true" xmlns:env="http://www.w3.org/2003/05/soap-envelope" xmlns:dp="http://www.datapower.com/schemas/management">
<mAdminState>enabled</mAdminState>
<UserSummary>Default Match</UserSummary>
<MatchRules>
<Type>url</Type>
<HttpTag/>
<HttpValue/>
<Url>*</Url>
<ErrorCode/>
<XPATHExpression/>
<Method>default</Method>
<CustomMethod/></MatchRules>
<MatchWithPCRE>off</MatchWithPCRE>
<CombineWithOr>off</CombineWithOr></Matching><StylePolicy name="default" intrinsic="true" xmlns:env="http://www.w3.org/2003/05/soap-envelope" xmlns:dp="http://www.datapower.com/schemas/management">
<mAdminState>enabled</mAdminState>
<UserSummary>Default Processing Policy</UserSummary>
<DefStylesheetForSoap>store:///filter-reject-all.xsl</DefStylesheetForSoap>
<DefStylesheetForXsl>store:///filter-reject-all.xsl</DefStylesheetForXsl>
<DefXQueryForJSON>store:///reject-all-json.xq</DefXQueryForJSON>
<PolicyMaps>
<Match class="Matching">ALL</Match>
<Rule class="StylePolicyRule">REJECT</Rule></PolicyMaps></StylePolicy><StylePolicy name="default-accept-service-providers" intrinsic="true" read-only="true" xmlns:env="http://www.w3.org/2003/05/soap-envelope" xmlns:dp="http://www.datapower.com/schemas/management">
<mAdminState>enabled</mAdminState>
<UserSummary>Default Processing Policy which accepts only messages that match known WSRR services in a Multi-Protocol Gateway.</UserSummary>
<DefStylesheetForSoap>store:///filter-reject-all.xsl</DefStylesheetForSoap>
<DefStylesheetForXsl>store:///identity.xsl</DefStylesheetForXsl>
<DefXQueryForJSON>store:///reject-all-json.xq</DefXQueryForJSON>
<PolicyMaps>
<Match class="Matching">__default-accept-service-providers__</Match>
<Rule class="StylePolicyRule">__default-accept-service-providers-request__</Rule></PolicyMaps>
<PolicyMaps>
<Match class="Matching">__default-accept-service-providers__</Match>
<Rule class="StylePolicyRule">__default-accept-service-providers-response__</Rule></PolicyMaps></StylePolicy><ProcessingMetadata name="ftp-usercert-metadata" intrinsic="true" xmlns:env="http://www.w3.org/2003/05/soap-envelope" xmlns:dp="http://www.datapower.com/schemas/management">
<mAdminState>enabled</mAdminState>
<MetaItem>
<MetaCategory>variable</MetaCategory>
<MetaName>dn</MetaName>
<DataSource>var://context/INPUT/ftp/tls/client-subject-dn</DataSource></MetaItem>
<MetaItem>
<MetaCategory>variable</MetaCategory>
<MetaName>issuer</MetaName>
<DataSource>var://context/INPUT/ftp/tls/client-issuer-dn</DataSource></MetaItem>
<MetaItem>
<MetaCategory>variable</MetaCategory>
<MetaName>serial</MetaName>
<DataSource>var://context/INPUT/ftp/tls/client-serial-number</DataSource></MetaItem></ProcessingMetadata><ProcessingMetadata name="ftp-username-metadata" intrinsic="true" xmlns:env="http://www.w3.org/2003/05/soap-envelope" xmlns:dp="http://www.datapower.com/schemas/management">
<mAdminState>enabled</mAdminState>
<MetaItem>
<MetaCategory>variable</MetaCategory>
<MetaName>dn</MetaName>
<DataSource>var://context/INPUT/ftp/tls/client-subject-dn</DataSource></MetaItem>
<MetaItem>
<MetaCategory>variable</MetaCategory>
<MetaName>issuer</MetaName>
<DataSource>var://context/INPUT/ftp/tls/client-issuer-dn</DataSource></MetaItem>
<MetaItem>
<MetaCategory>variable</MetaCategory>
<MetaName>password</MetaName>
<DataSource>var://context/INPUT/ftp/password</DataSource></MetaItem>
<MetaItem>
<MetaCategory>variable</MetaCategory>
<MetaName>serial</MetaName>
<DataSource>var://context/INPUT/ftp/tls/client-serial-number</DataSource></MetaItem>
<MetaItem>
<MetaCategory>variable</MetaCategory>
<MetaName>username</MetaName>
<DataSource>var://context/INPUT/ftp/username</DataSource></MetaItem></ProcessingMetadata><ProcessingMetadata name="oauth-scope-metadata" intrinsic="true" xmlns:env="http://www.w3.org/2003/05/soap-envelope" xmlns:dp="http://www.datapower.com/schemas/management">
<mAdminState>enabled</mAdminState>
<MetaItem>
<MetaCategory>variable</MetaCategory>
<MetaName>scope</MetaName>
<DataSource>var://context/INPUT/oauth/verified-scope</DataSource></MetaItem></ProcessingMetadata><ProcessingMetadata name="ssh-password-metadata" intrinsic="true" xmlns:env="http://www.w3.org/2003/05/soap-envelope" xmlns:dp="http://www.datapower.com/schemas/management">
<mAdminState>enabled</mAdminState>
<MetaItem>
<MetaCategory>variable</MetaCategory>
<MetaName>password</MetaName>
<DataSource>var://context/INPUT/ssh/password</DataSource></MetaItem>
<MetaItem>
<MetaCategory>variable</MetaCategory>
<MetaName>publickey</MetaName>
<DataSource>var://context/INPUT/ssh/publickey</DataSource></MetaItem>
<MetaItem>
<MetaCategory>variable</MetaCategory>
<MetaName>username</MetaName>
<DataSource>var://context/INPUT/ssh/username</DataSource></MetaItem></ProcessingMetadata><XMLManager name="default" intrinsic="true" xmlns:env="http://www.w3.org/2003/05/soap-envelope" xmlns:dp="http://www.datapower.com/schemas/management">
<mAdminState>enabled</mAdminState>
<UserSummary>Default XML-Manager</UserSummary>
<CacheSize>256</CacheSize>
<SHA1Caching>on</SHA1Caching>
<StaticDocumentCalls>on</StaticDocumentCalls>
<SearchResults>on</SearchResults>
<SupportTxWarn>off</SupportTxWarn>
<Memoization>on</Memoization>
<ParserLimitsBytesScanned>4194304</ParserLimitsBytesScanned>
<ParserLimitsElementDepth>512</ParserLimitsElementDepth>
<ParserLimitsAttributeCount>128</ParserLimitsAttributeCount>
<ParserLimitsMaxNodeSize>33554432</ParserLimitsMaxNodeSize>
<ParserLimitsForbidExternalReferences>on</ParserLimitsForbidExternalReferences>
<ParserLimitsExternalReferences>forbid</ParserLimitsExternalReferences>
<ParserLimitsMaxPrefixes>1024</ParserLimitsMaxPrefixes>
<ParserLimitsMaxNamespaces>1024</ParserLimitsMaxNamespaces>
<ParserLimitsMaxLocalNames>60000</ParserLimitsMaxLocalNames>
<DocCacheMaxDocs>5000</DocCacheMaxDocs>
<DocCacheSize>0</DocCacheSize>
<DocMaxWrites>32768</DocMaxWrites>
<UserAgent class="HTTPUserAgent">default</UserAgent></XMLManager><XMLManager name="default-attempt-stream" intrinsic="true" xmlns:env="http://www.w3.org/2003/05/soap-envelope" xmlns:dp="http://www.datapower.com/schemas/management">
<mAdminState>enabled</mAdminState>
<UserSummary>Default Streaming XML-Manager</UserSummary>
<CompileOptionsPolicy class="CompileOptionsPolicy">default-attempt-stream</CompileOptionsPolicy>
<CacheSize>256</CacheSize>
<SHA1Caching>on</SHA1Caching>
<StaticDocumentCalls>on</StaticDocumentCalls>
<SearchResults>on</SearchResults>
<SupportTxWarn>off</SupportTxWarn>
<Memoization>on</Memoization>
<ParserLimitsBytesScanned>268435456</ParserLimitsBytesScanned>
<ParserLimitsElementDepth>512</ParserLimitsElementDepth>
<ParserLimitsAttributeCount>128</ParserLimitsAttributeCount>
<ParserLimitsMaxNodeSize>268435456</ParserLimitsMaxNodeSize>
<ParserLimitsForbidExternalReferences>on</ParserLimitsForbidExternalReferences>
<ParserLimitsExternalReferences>forbid</ParserLimitsExternalReferences>
<ParserLimitsMaxPrefixes>1024</ParserLimitsMaxPrefixes>
<ParserLimitsMaxNamespaces>1024</ParserLimitsMaxNamespaces>
<ParserLimitsMaxLocalNames>60000</ParserLimitsMaxLocalNames>
<DocCacheMaxDocs>5000</DocCacheMaxDocs>
<DocCacheSize>0</DocCacheSize>
<DocMaxWrites>32768</DocMaxWrites>
<UserAgent class="HTTPUserAgent">default</UserAgent></XMLManager><XMLManager name="default-wsrr" xmlns:env="http://www.w3.org/2003/05/soap-envelope" xmlns:dp="http://www.datapower.com/schemas/management">
<mAdminState>enabled</mAdminState>
<UserSummary>WSRR XML-Manager</UserSummary>
<CacheSize>256</CacheSize>
<SHA1Caching>on</SHA1Caching>
<StaticDocumentCalls>on</StaticDocumentCalls>
<SearchResults>on</SearchResults>
<SupportTxWarn>off</SupportTxWarn>
<Memoization>on</Memoization>
<ParserLimitsBytesScanned>4194304</ParserLimitsBytesScanned>
<ParserLimitsElementDepth>512</ParserLimitsElementDepth>
<ParserLimitsAttributeCount>128</ParserLimitsAttributeCount>
<ParserLimitsMaxNodeSize>33554432</ParserLimitsMaxNodeSize>
<ParserLimitsForbidExternalReferences>on</ParserLimitsForbidExternalReferences>
<ParserLimitsExternalReferences>forbid</ParserLimitsExternalReferences>
<ParserLimitsMaxPrefixes>1024</ParserLimitsMaxPrefixes>
<ParserLimitsMaxNamespaces>1024</ParserLimitsMaxNamespaces>
<ParserLimitsMaxLocalNames>60000</ParserLimitsMaxLocalNames>
<DocCacheMaxDocs>5000</DocCacheMaxDocs>
<DocCacheSize>0</DocCacheSize>
<DocMaxWrites>32768</DocMaxWrites>
<UserAgent class="HTTPUserAgent">default</UserAgent></XMLManager><WSStylePolicy name="default" intrinsic="true" xmlns:env="http://www.w3.org/2003/05/soap-envelope" xmlns:dp="http://www.datapower.com/schemas/management">
<mAdminState>enabled</mAdminState>
<UserSummary>Default Processing Policy</UserSummary>
<DefStylesheetForSoap>store:///filter-reject-all.xsl</DefStylesheetForSoap>
<DefStylesheetForXsl>store:///identity.xsl</DefStylesheetForXsl></WSStylePolicy><SMTPServerConnection name="default" intrinsic="true" xmlns:env="http://www.w3.org/2003/05/soap-envelope" xmlns:dp="http://www.datapower.com/schemas/management">
<mAdminState>enabled</mAdminState>
<UserSummary>Default SMTP Server Connection</UserSummary>
<MailServerHost>smtp</MailServerHost>
<MailServerPort>25</MailServerPort>
<Auth>plain</Auth>
<SSLClientConfigType>proxy</SSLClientConfigType></SMTPServerConnection><SSHDomainClientProfile name="default" intrinsic="true" xmlns:env="http://www.w3.org/2003/05/soap-envelope" xmlns:dp="http://www.datapower.com/schemas/management">
<mAdminState>enabled</mAdminState>
<Ciphers>CHACHA20-POLY1305_AT_OPENSSH.COM</Ciphers>
<Ciphers>AES128-CTR</Ciphers>
<Ciphers>AES192-CTR</Ciphers>
<Ciphers>AES256-CTR</Ciphers>
<Ciphers>AES128-GCM_AT_OPENSSH.COM</Ciphers>
<Ciphers>AES256-GCM_AT_OPENSSH.COM</Ciphers>
<Ciphers>ARCFOUR256</Ciphers>
<Ciphers>ARCFOUR128</Ciphers>
<Ciphers>AES128-CBC</Ciphers>
<Ciphers>3DES-CBC</Ciphers>
<Ciphers>BLOWFISH-CBC</Ciphers>
<Ciphers>CAST128-CBC</Ciphers>
<Ciphers>AES192-CBC</Ciphers>
<Ciphers>AES256-CBC</Ciphers>
<Ciphers>ARCFOUR</Ciphers>
<Ciphers>RIJNDAEL-CBC_AT_LYSATOR.LIU.SE</Ciphers>
<LegacyKex>no</LegacyKex></SSHDomainClientProfile><SSHServerProfile name="default" intrinsic="true" xmlns:env="http://www.w3.org/2003/05/soap-envelope" xmlns:dp="http://www.datapower.com/schemas/management">
<mAdminState>enabled</mAdminState>
<Ciphers>CHACHA20-POLY1305_AT_OPENSSH.COM</Ciphers>
<Ciphers>AES128-CTR</Ciphers>
<Ciphers>AES192-CTR</Ciphers>
<Ciphers>AES256-CTR</Ciphers>
<Ciphers>AES128-GCM_AT_OPENSSH.COM</Ciphers>
<Ciphers>AES256-GCM_AT_OPENSSH.COM</Ciphers>
<Ciphers>ARCFOUR256</Ciphers>
<Ciphers>ARCFOUR128</Ciphers>
<Ciphers>AES128-CBC</Ciphers>
<Ciphers>3DES-CBC</Ciphers>
<Ciphers>BLOWFISH-CBC</Ciphers>
<Ciphers>CAST128-CBC</Ciphers>
<Ciphers>AES192-CBC</Ciphers>
<Ciphers>AES256-CBC</Ciphers>
<Ciphers>ARCFOUR</Ciphers>
<Ciphers>RIJNDAEL-CBC_AT_LYSATOR.LIU.SE</Ciphers>
<LegacyKex>no</LegacyKex>
<SendPreAuthMsg>no</SendPreAuthMsg></SSHServerProfile><DomainAvailability name="default" intrinsic="true" xmlns:env="http://www.w3.org/2003/05/soap-envelope" xmlns:dp="http://www.datapower.com/schemas/management">
<mAdminState>disabled</mAdminState></DomainAvailability><ISAMRuntime name="default" intrinsic="true" xmlns:env="http://www.w3.org/2003/05/soap-envelope" xmlns:dp="http://www.datapower.com/schemas/management">
<mAdminState>disabled</mAdminState>
<PolicyServerType>remote</PolicyServerType>
<UserRegistryTypeLocal>ldap-remote</UserRegistryTypeLocal>
<UserRegistryTypeRemote>ldap</UserRegistryTypeRemote>
<PolicyServerPort>7135</PolicyServerPort>
<ManagementDomain>Default</ManagementDomain>
<SSLServerCertLifetime>1460</SSLServerCertLifetime>
<SSLCompliance>none</SSLCompliance>
<LDAPPort>389</LDAPPort>
<LDAPDN>cn=root</LDAPDN>
<LDAPSSL>off</LDAPSSL>
<PDConf>isamconfig:///pd.conf</PDConf>
<LDAPConf>isamconfig:///ldap.conf</LDAPConf>
<Vendor persisted="false">ISAM</Vendor></ISAMRuntime><NFSDynamicMounts name="default" intrinsic="true" xmlns:env="http://www.w3.org/2003/05/soap-envelope" xmlns:dp="http://www.datapower.com/schemas/management">
<mAdminState>disabled</mAdminState>
<Version>3</Version>
<Transport>tcp</Transport>
<MountType>hard</MountType>
<ReadOnly>off</ReadOnly>
<ReadSize>4096</ReadSize>
<WriteSize>4096</WriteSize>
<Timeout>7</Timeout>
<Retransmissions>3</Retransmissions>
<IdleUnmountSeconds>900</IdleUnmountSeconds>
<MountTimeoutSeconds>30</MountTimeoutSeconds></NFSDynamicMounts><SLMAction name="notify" xmlns:env="http://www.w3.org/2003/05/soap-envelope" xmlns:dp="http://www.datapower.com/schemas/management">
<mAdminState>enabled</mAdminState>
<Type>log-only</Type>
<LogLevel>warn</LogLevel></SLMAction><SLMAction name="shape" xmlns:env="http://www.w3.org/2003/05/soap-envelope" xmlns:dp="http://www.datapower.com/schemas/management">
<mAdminState>enabled</mAdminState>
<Type>shape</Type>
<LogLevel>debug</LogLevel></SLMAction><SLMAction name="throttle" xmlns:env="http://www.w3.org/2003/05/soap-envelope" xmlns:dp="http://www.datapower.com/schemas/management">
<mAdminState>enabled</mAdminState>
<Type>reject</Type>
<LogLevel>debug</LogLevel></SLMAction><Statistics name="default" intrinsic="true" xmlns:env="http://www.w3.org/2003/05/soap-envelope" xmlns:dp="http://www.datapower.com/schemas/management">
<mAdminState>disabled</mAdminState>
<LoadInterval read-only="true">1000</LoadInterval></Statistics><WebServicesAgent name="default" intrinsic="true" xmlns:env="http://www.w3.org/2003/05/soap-envelope" xmlns:dp="http://www.datapower.com/schemas/management">
<mAdminState>disabled</mAdminState>
<MaxRecords>3000</MaxRecords>
<MaxMemoryKB>64000</MaxMemoryKB>
<CaptureMode>faults</CaptureMode>
<BufferMode>discard</BufferMode>
<MediationMetrics>off</MediationMetrics>
<MaxPayloadSizeKB>0</MaxPayloadSizeKB>
<PushInterval>100</PushInterval>
<PushPriority>normal</PushPriority></WebServicesAgent></configuration><files><file name="local:///XSLs/ValidateCertData.xsl" src="local/XSLs/ValidateCertData.xsl" location="local" hash="H30DoGnJkDdu4loJW5wJUGNhV6w="/><file name="local:///XSLs/InsertTimbre.xsl" src="local/XSLs/InsertTimbre.xsl" location="local" hash="AJLn9xgPBpoUV9ONY9/MBSM3pW8="/><file name="local:///XSLs/doError.xsl" src="local/XSLs/doError.xsl" location="local" hash="3OinimAQ2YOy9LEwbK2enEH2YS0="/><file name="local:///XSLs/InsertSello.xsl" src="local/XSLs/InsertSello.xsl" location="local" hash="vJuvvmUy1gkyVa0oCxpn8Ss+2Fw="/><file name="local:///XSLs/ValidateSello.xsl" src="local/XSLs/ValidateSello.xsl" location="local" hash="33P1zgjoHHbpnK0pckOqKCzUBOg="/><file name="local:///XSLs/CreateTimbre.xsl" src="local/XSLs/CreateTimbre.xsl" location="local" hash="W7dw7HMnVPuzKqdJlTJUoSuTDWQ="/><file name="local:///XSLs/Commons/Utils33.xsl" src="local/XSLs/Commons/Utils33.xsl" location="local" hash="i1XhBBZ/3DZYA828vf35HqSgvO8="/><file name="local:///XSLs/ClearProperty.xsl" src="local/XSLs/ClearProperty.xsl" location="local" hash="ndC8SS6LF/UK8tKN0ZlbT00+hws="/><file name="local:///XSLs/GetException.xsl" src="local/XSLs/GetException.xsl" location="local" hash="4LoQBW6RN2oENWzb2BUVUuceyRA="/><file name="local:///XSLs/CreateSello.xsl" src="local/XSLs/CreateSello.xsl" location="local" hash="He0G9J9RdRXWxTj1tyfyBSu0ToM="/><file name="local:///XSLs/ValidateScheme.xsl" src="local/XSLs/ValidateScheme.xsl" location="local" hash="eFOnzctbqxhdI1sZe99zk8j5owg="/><file name="local:///XSLs/ComponentValidationBackup.xsl" src="local/XSLs/ComponentValidationBackup.xsl" location="local" hash="JKJaX1Q6D7egK1n+/wSuBoM/DKQ="/><file name="local:///XSLs/AdmitCFDi.xsl" src="local/XSLs/AdmitCFDi.xsl" location="local" hash="JAca/AmJFuPY2QW6gy1tPMCK6e8="/><file name="local:///chivo.txt" src="local/chivo.txt" location="local" hash="lNo3Xt6PziVrduIM7w9p8ok0E60="/><file name="config:///export1.cfg" src="config/export1.cfg" location="config" hash="JHydgOg6569Qk3xHtFdCjQHkfdA="/><file name="config:///test.cfg" src="config/test.cfg" location="config" hash="37fQiCECgQMau7/bAMu7Khu4G2c="/><file name="webgui:///clixform.xsl" src="dp-aux/clixform.xsl" location="dp-aux" internal="true" hash="tW2EYQDDFxwJV8wXzdUUkOLODfE="/><file name="webgui:///SchemaUtil.xsl" src="dp-aux/SchemaUtil.xsl" location="dp-aux" internal="true" hash="nYM1At2amG2GrHFboMmJF3GjKno="/><file name="webgui:///management.xsl" src="dp-aux/management.xsl" location="dp-aux" internal="true" hash="jaVBcAZOZmnnAJfQcSbjdqhK1ks="/><file name="webgui:///map-dmz.xsl" src="dp-aux/map-dmz.xsl" location="dp-aux" internal="true" hash="n00B2bmGoH6OdSOW1QRz/SNVbYc="/><file name="webgui:///drMgmt.xml" src="dp-aux/drMgmt.xml" location="dp-aux" internal="true" hash="cG1CxQPyVF8NTtMNak2b/FULb+A="/><file name="webgui:///basetypes.xml" src="dp-aux/basetypes.xml" location="dp-aux" internal="true" hash="UkIc6sKzykqNpmVlsHF89TLn2Qo="/></files></datapower-configuration>